Forward Financial Framework Kaiserslatuarn+ Benchmark Results,
CPU,ee-benjamin.ee.ic.ac.uk,
Option Number,Simulation Paths,Threads,Option Value,95%% CI,User Time,CPU Time,Total Time,
1,1000,1,43.696880,6.827611,139.000000,7616.000000,14806.0321808,
2,1000,1,0.065308,0.045831,251.000000,296134.000000,304373.979568,
3,1000,1,0.144131,0.075816,246.000000,383484.000000,391077.041626,
4,1000,1,0.463938,0.089139,122.000000,370014.000000,377541.065216,
5,1000,1,5.957377,0.517010,264.000000,537265.000000,544787.883759,
6,1000,1,2.614828,0.491204,162.000000,408629.000000,415767.908096,
7,1000,1,0.023892,0.046806,179.000000,206766.000000,214049.100876,
8,1000,1,0.884953,0.286120,139.000000,314794.000000,323475.122452,
9,1000,1,1.468169,0.219258,250.000000,537832.000000,545882.940292,
10,1000,1,0.259009,0.118298,250.000000,316673.000000,324320.077896,
11,1000,1,4.508036,0.638527,126.000000,689142.000000,696454.048157,
12,1000,1,0.126000,0.020568,255.000000,392776.000000,401401.042938,
13,1000,1,25.812425,1.225627,240.000000,352995.000000,360500.812531,
1,1000,2,51.290894,8.450878,345.000000,3962.000000,11636.0187531,
2,1000,2,0.128847,0.064723,377.000000,154339.000000,162014.007568,
3,1000,2,0.255147,0.099962,314.000000,198268.000000,206111.907959,
4,1000,2,0.531831,0.097336,304.000000,188455.000000,196298.837662,
5,1000,2,5.565179,0.492311,162.000000,268720.000000,275216.817856,
6,1000,2,1.998970,0.418889,302.000000,196304.000000,203921.079636,
7,1000,2,0.043098,0.059805,306.000000,107737.000000,115371.94252,
8,1000,2,0.749077,0.262145,369.000000,167017.000000,174515.008926,
9,1000,2,1.594502,0.219962,321.000000,275759.000000,283417.94014,
10,1000,2,0.182977,0.097354,166.000000,163729.000000,170662.164688,
11,1000,2,5.723231,0.727701,325.000000,349552.000000,357089.996338,
12,1000,2,0.115000,0.019773,325.000000,199911.000000,207803.010941,
13,1000,2,25.496254,1.181061,249.000000,186241.000000,193783.998489,
1,1000,4,35.714567,4.806681,469.000000,5436.000000,13225.7938385,
2,1000,4,0.153684,0.071733,322.000000,73962.000000,81433.057785,
3,1000,4,0.207057,0.080857,627.000000,109486.000000,117635.965347,
4,1000,4,0.368890,0.080100,489.000000,93769.000000,101748.943329,
5,1000,4,6.192790,0.516463,525.000000,142670.000000,150460.958481,
6,1000,4,2.328542,0.466424,288.000000,105597.000000,112900.018692,
7,1000,4,0.025790,0.050523,484.000000,61111.000000,69040.0600433,
8,1000,4,0.795926,0.291644,582.000000,81558.000000,89358.0913544,
9,1000,4,1.589744,0.232102,452.000000,145009.000000,152600.049973,
10,1000,4,0.120870,0.069182,526.000000,84563.000000,92449.9034882,
11,1000,4,4.840054,0.741049,306.000000,186172.000000,193409.919739,
12,1000,4,0.138000,0.021377,434.000000,108914.000000,116775.989532,
13,1000,4,26.056643,1.294998,277.000000,94195.000000,100807.189941,
1,1000,8,35.238222,4.509218,986.000000,7233.000000,16134.9773407,
2,1000,8,0.202889,0.084394,602.000000,50466.000000,58262.8250122,
3,1000,8,0.247711,0.101879,755.000000,60249.000000,68031.0726166,
4,1000,8,0.501225,0.092164,862.000000,55890.000000,64502.954483,
5,1000,8,6.188636,0.524643,1003.000000,85551.000000,93862.0567322,
6,1000,8,2.683845,0.500823,620.000000,63004.000000,70580.0056458,
7,1000,8,0.020314,0.039796,841.000000,33615.000000,41445.9705353,
8,1000,8,0.302444,0.147406,965.000000,47177.000000,55179.8343658,
9,1000,8,1.699788,0.241218,453.000000,83696.000000,91202.0206451,
10,1000,8,0.223108,0.115217,828.000000,48531.000000,56858.0627441,
11,1000,8,4.986533,0.677934,751.000000,106352.000000,114399.909973,
12,1000,8,0.124000,0.020428,527.000000,60670.000000,67641.9734955,
13,1000,8,25.259792,1.207155,869.000000,52856.000000,60668.9453125,
1,1000,16,35.320524,5.374598,3827.000000,12719.000000,23854.0172577,
2,1000,16,0.088051,0.054047,2981.000000,28619.000000,39067.029953,
3,1000,16,0.206311,0.086237,1484.000000,37477.000000,45519.1135406,
4,1000,16,0.518410,0.090386,1600.000000,39694.000000,48738.0027771,
5,1000,16,6.131087,0.523483,1578.000000,50248.000000,59229.850769,
6,1000,16,2.462861,0.487886,1790.000000,38300.000000,47422.8858948,
7,1000,16,0.017912,0.035090,1773.000000,20877.000000,30173.0632782,
8,1000,16,0.574591,0.203833,1658.000000,28483.000000,37483.9305878,
9,1000,16,1.516634,0.220564,1244.000000,51343.000000,59545.0401306,
10,1000,16,0.145384,0.085102,1716.000000,33367.000000,42032.0034027,
11,1000,16,4.640171,0.638080,1517.000000,65944.000000,74773.0731964,
12,1000,16,0.114000,0.019698,1651.000000,38740.000000,47855.1387787,
13,1000,16,25.498299,1.181641,1167.000000,40110.000000,48209.9056244,
1,1000,32,39.192643,5.849845,13753.000000,4153.000000,25598.0491638,
2,1000,32,0.136297,0.069671,7490.000000,22684.000000,37437.915802,
3,1000,32,0.217869,0.091577,2715.000000,32238.000000,42374.8493195,
4,1000,32,0.468343,0.094355,3338.000000,27808.000000,38248.0621338,
5,1000,32,5.372299,0.486766,2697.000000,35521.000000,44642.9252625,
6,1000,32,2.550943,0.510667,3795.000000,27037.000000,37404.0603638,
7,1000,32,0.038182,0.053359,9207.000000,22246.000000,38666.9635773,
8,1000,32,0.759749,0.253925,4965.000000,23616.000000,35776.8535614,
9,1000,32,1.523192,0.224039,2906.000000,37150.000000,47415.971756,
10,1000,32,0.172443,0.089949,3423.000000,28541.000000,39240.8370972,
11,1000,32,4.718449,0.698460,2919.000000,43089.000000,52917.9573059,
12,1000,32,0.134000,0.021114,5132.000000,24295.000000,36715.9843445,
13,1000,32,22.793344,1.103247,3868.000000,27430.000000,37658.9298248,
1,1000,64,30.528363,4.018954,10830.000000,1285.000000,19110.918045,
2,1000,64,0.245099,0.103059,22127.000000,20877.000000,50283.908844,
3,1000,64,0.262288,0.106400,28932.000000,26273.000000,61815.0234222,
4,1000,64,0.435615,0.090028,26015.000000,26665.000000,59736.9670868,
5,1000,64,5.743651,0.493411,37563.000000,34799.000000,79362.8692627,
6,1000,64,2.345062,0.469568,25933.000000,26301.000000,59659.0042114,
7,1000,64,0.000000,0.000000,21155.000000,14359.000000,42927.0267487,
8,1000,64,0.788186,0.261297,20885.000000,20545.000000,48727.0355225,
9,1000,64,1.418027,0.218585,25313.000000,32855.000000,66070.0798035,
10,1000,64,0.109337,0.070538,24062.000000,20170.000000,51497.9362488,
11,1000,64,4.784209,0.675557,34450.000000,44811.000000,87356.8058014,
12,1000,64,0.146000,0.021886,30757.000000,27453.000000,65351.9630432,
13,1000,64,24.693600,1.174756,24528.000000,24977.000000,56436.0618591,
1,1000,128,17.290659,2.728659,12853.000000,1880.000000,22541.0461426,
2,1000,128,0.221842,0.099739,21732.000000,35421.000000,64432.144165,
3,1000,128,0.178766,0.089789,26953.000000,44472.000000,78752.040863,
4,1000,128,0.520902,0.097733,26299.000000,44114.000000,77625.0362396,
5,1000,128,5.752073,0.501820,34071.000000,64007.000000,104832.88765,
6,1000,128,2.433290,0.500015,28982.000000,53130.000000,90214.9677277,
7,1000,128,0.000000,0.000000,24302.000000,25019.000000,56580.0666809,
8,1000,128,0.757793,0.271018,27739.000000,40291.000000,74330.0914764,
9,1000,128,1.406730,0.214540,31670.000000,60430.000000,99317.7890778,
10,1000,128,0.195348,0.111606,29275.000000,43360.000000,80183.0291748,
11,1000,128,4.467507,0.616518,35663.000000,79902.000000,122831.821442,
12,1000,128,0.140000,0.021506,29873.000000,46225.000000,84741.1155701,
13,1000,128,24.133400,1.215469,27787.000000,41610.000000,76686.8591309,
1,2000,1,45.198621,5.048093,127.000000,14983.000000,21497.0111847,
2,2000,1,0.094193,0.038762,267.000000,558201.000000,565569.877625,
3,2000,1,0.253144,0.070960,245.000000,742717.000000,750284.910202,
4,2000,1,0.451029,0.063276,125.000000,713521.000000,721031.904221,
5,2000,1,5.935336,0.354727,249.000000,1063658.000000,1071295.02296,
6,2000,1,2.651987,0.346210,253.000000,803045.000000,811589.956284,
7,2000,1,0.000000,0.000000,133.000000,404590.000000,411356.925964,
8,2000,1,0.756391,0.179203,263.000000,612176.000000,619338.035583,
9,2000,1,1.433483,0.150923,249.000000,1043779.000000,1051668.88237,
10,2000,1,0.212659,0.079876,258.000000,609716.000000,617372.989655,
11,2000,1,4.589099,0.458622,272.000000,1364178.000000,1371371.98448,
12,2000,1,0.130500,0.014763,254.000000,781943.000000,789665.937424,
13,2000,1,25.328434,0.867878,125.000000,701264.000000,708573.102951,
1,2000,2,43.696880,4.827850,164.000000,8826.000000,15452.8617859,
2,2000,2,0.163036,0.050742,162.000000,306795.000000,313358.068466,
3,2000,2,0.223689,0.065296,325.000000,383816.000000,391550.064087,
4,2000,2,0.500882,0.066763,332.000000,373422.000000,381067.037582,
5,2000,2,6.139704,0.367351,950.000000,541858.000000,550229.072571,
6,2000,2,2.662969,0.356612,305.000000,401763.000000,409512.996674,
7,2000,2,0.007621,0.014933,323.000000,215372.000000,223249.197006,
8,2000,2,0.715168,0.165965,159.000000,314595.000000,321116.924286,
9,2000,2,1.553548,0.162237,308.000000,541773.000000,549184.083939,
10,2000,2,0.206952,0.080836,322.000000,314222.000000,321979.045868,
11,2000,2,5.117847,0.492452,371.000000,693602.000000,704848.051071,
12,2000,2,0.125000,0.014494,157.000000,406417.000000,413937.091827,
13,2000,2,24.549182,0.888405,346.000000,358872.000000,366513.967514,
1,2000,4,34.952238,3.441125,593.000000,10165.000000,18338.9186859,
2,2000,4,0.068209,0.031544,358.000000,154171.000000,162174.940109,
3,2000,4,0.261864,0.072737,357.000000,201799.000000,208554.983139,
4,2000,4,0.438052,0.062031,534.000000,186681.000000,194617.986679,
5,2000,4,5.695909,0.352843,465.000000,273675.000000,282140.016556,
6,2000,4,2.269425,0.310572,292.000000,201306.000000,208786.010742,
7,2000,4,0.032469,0.037410,501.000000,106825.000000,114778.04184,
8,2000,4,0.895771,0.198066,522.000000,164660.000000,172658.920288,
9,2000,4,1.524955,0.159297,559.000000,280875.000000,288811.922073,
10,2000,4,0.161025,0.064663,522.000000,169581.000000,177453.994751,
11,2000,4,5.555441,0.522766,308.000000,352408.000000,359653.949738,
12,2000,4,0.138000,0.015116,504.000000,209965.000000,217924.833298,
13,2000,4,25.522394,0.875944,531.000000,183197.000000,191109.18045,
1,2000,8,46.100700,5.206366,991.000000,15135.000000,23498.0583191,
2,2000,8,0.129021,0.046724,569.000000,82437.000000,90299.1294861,
3,2000,8,0.292457,0.076112,897.000000,113374.000000,121822.834015,
4,2000,8,0.506077,0.068879,827.000000,104495.000000,112345.933914,
5,2000,8,5.650218,0.358549,986.000000,146060.000000,154400.110245,
6,2000,8,2.518852,0.335496,857.000000,111719.000000,119949.102402,
7,2000,8,0.000000,0.000000,511.000000,60095.000000,66962.9573822,
8,2000,8,0.791248,0.196258,784.000000,85711.000000,93691.110611,
9,2000,8,1.598052,0.161335,905.000000,153029.000000,161199.808121,
10,2000,8,0.197215,0.071525,783.000000,91254.000000,99344.0151215,
11,2000,8,4.910839,0.467997,618.000000,189459.000000,197303.056717,
12,2000,8,0.123500,0.014420,676.000000,125145.000000,132688.999176,
13,2000,8,26.062205,0.888718,786.000000,95820.000000,103884.935379,
1,2000,16,36.385622,3.464565,3251.000000,26228.000000,36278.0094147,
2,2000,16,0.110703,0.041459,1737.000000,56354.000000,65459.9666595,
3,2000,16,0.195372,0.062621,1523.000000,68027.000000,77002.0484924,
4,2000,16,0.468017,0.064017,1631.000000,68109.000000,77065.9446716,
5,2000,16,5.645899,0.343237,1699.000000,93558.000000,102887.153625,
6,2000,16,2.535371,0.347075,1638.000000,72854.000000,81771.1353302,
7,2000,16,0.005315,0.010414,1660.000000,41582.000000,50953.8650513,
8,2000,16,0.958076,0.220158,1626.000000,55626.000000,64898.9677429,
9,2000,16,1.593622,0.165062,2904.000000,100889.000000,110812.187195,
10,2000,16,0.195836,0.076570,1577.000000,57566.000000,66236.9728088,
11,2000,16,5.300862,0.486441,1345.000000,115136.000000,123844.861984,
12,2000,16,0.125500,0.014519,1551.000000,73209.000000,81655.9791565,
13,2000,16,24.792649,0.889645,1545.000000,60584.000000,69145.9178925,
1,2000,32,40.923244,5.067622,20747.000000,19144.000000,47072.1721649,
2,2000,32,0.129213,0.047087,3598.000000,54705.000000,64771.1753845,
3,2000,32,0.233965,0.067233,3800.000000,63027.000000,74167.0131683,
4,2000,32,0.522918,0.069115,4232.000000,58805.000000,70343.0175781,
5,2000,32,5.773455,0.360300,2680.000000,66193.000000,75165.0333405,
6,2000,32,2.825159,0.362836,5505.000000,53218.000000,65773.9639282,
7,2000,32,0.026502,0.036716,8601.000000,49640.000000,64410.9249115,
8,2000,32,0.868786,0.201307,3290.000000,50282.000000,60016.8704987,
9,2000,32,1.496421,0.159243,2687.000000,63426.000000,73179.0065765,
10,2000,32,0.127736,0.058346,4787.000000,59804.000000,71751.1177063,
11,2000,32,5.134807,0.481285,3325.000000,89483.000000,99673.0327606,
12,2000,32,0.131500,0.014811,3783.000000,61703.000000,73118.9250946,
13,2000,32,24.782415,0.845782,6030.000000,54024.000000,67013.0252838,
1,2000,64,42.816221,4.186186,30989.000000,4674.000000,42778.0151367,
2,2000,64,0.127232,0.048113,48082.000000,22225.000000,77764.9879456,
3,2000,64,0.261110,0.072863,47665.000000,23004.000000,78297.1382141,
4,2000,64,0.488600,0.066348,55088.000000,29307.000000,92705.9650421,
5,2000,64,5.821330,0.353995,54748.000000,35850.000000,98932.0278168,
6,2000,64,2.106460,0.319236,43355.000000,27713.000000,77594.0418243,
7,2000,64,0.009051,0.017736,48859.000000,14846.000000,70490.8370972,
8,2000,64,0.920851,0.207053,54230.000000,20428.000000,81830.9783936,
9,2000,64,1.462107,0.153926,69484.000000,32077.000000,108858.823776,
10,2000,64,0.196448,0.074367,45918.000000,22188.000000,73616.9815063,
11,2000,64,5.018011,0.473833,66502.000000,40841.000000,114639.997482,
12,2000,64,0.145500,0.015454,56550.000000,30050.000000,94260.931015,
13,2000,64,24.676152,0.846523,47853.000000,22461.000000,77587.1276855,
1,2000,128,36.860112,4.897981,25698.000000,2336.000000,35282.8502655,
2,2000,128,0.140270,0.049699,47897.000000,32892.000000,87934.9708557,
3,2000,128,0.227617,0.071648,52227.000000,46017.000000,105531.930923,
4,2000,128,0.504274,0.066429,58736.000000,40874.000000,106758.832932,
5,2000,128,5.645690,0.358937,68187.000000,51136.000000,126669.883728,
6,2000,128,2.448251,0.335308,57511.000000,42682.000000,108840.942383,
7,2000,128,0.010391,0.020361,41599.000000,23347.000000,71987.1520996,
8,2000,128,0.831661,0.198358,51837.000000,35136.000000,93558.0730438,
9,2000,128,1.484412,0.158164,58141.000000,55985.000000,121633.052826,
10,2000,128,0.172220,0.072163,51454.000000,33164.000000,91970.9205627,
11,2000,128,4.448977,0.443637,70266.000000,70744.000000,148525.953293,
12,2000,128,0.131500,0.014811,52794.000000,44137.000000,104324.817657,
13,2000,128,24.547923,0.861748,53586.000000,37895.000000,98598.0033875,
1,3000,1,42.924762,3.860921,240.000000,12588.000000,20045.042038,
2,3000,1,0.116112,0.035956,257.000000,827043.000000,834720.134735,
3,3000,1,0.286127,0.063601,234.000000,1130992.000000,1138273.00072,
4,3000,1,0.499560,0.054870,132.000000,1109918.000000,1116725.92163,
5,3000,1,5.757779,0.289875,246.000000,1585726.000000,1593309.8793,
6,3000,1,2.428314,0.275078,242.000000,1157716.000000,1165405.98869,
7,3000,1,0.031282,0.030681,182.000000,616882.000000,623981.952667,
8,3000,1,0.838182,0.161548,251.000000,912115.000000,919794.082642,
9,3000,1,1.512350,0.128235,163.000000,1580906.000000,1587944.03076,
10,3000,1,0.200112,0.059132,251.000000,921894.000000,929565.191269,
11,3000,1,4.959776,0.390032,269.000000,2042575.000000,2050108.90961,
12,3000,1,0.135333,0.012241,257.000000,1176196.000000,1186403.03612,
13,3000,1,23.948264,0.695766,247.000000,1045954.000000,1054596.90094,
1,3000,2,41.507339,3.702149,165.000000,12858.000000,21975.0404358,
2,3000,2,0.120354,0.036738,231.000000,434369.000000,441766.023636,
3,3000,2,0.213939,0.054544,345.000000,585090.000000,592993.974686,
4,3000,2,0.475034,0.054084,303.000000,558841.000000,566541.910172,
5,3000,2,5.804966,0.291964,361.000000,803078.000000,811017.036438,
6,3000,2,2.516163,0.277186,320.000000,617281.000000,624973.058701,
7,3000,2,0.016366,0.022720,308.000000,307794.000000,315442.085266,
8,3000,2,0.884121,0.167977,319.000000,455055.000000,462999.105453,
9,3000,2,1.505269,0.128510,320.000000,809958.000000,817823.171616,
10,3000,2,0.147470,0.049312,301.000000,460442.000000,468103.170395,
11,3000,2,4.626281,0.387255,326.000000,1036807.000000,1044571.16127,
12,3000,2,0.134333,0.012203,207.000000,607586.000000,614759.922028,
13,3000,2,24.961414,0.724155,203.000000,534977.000000,542066.09726,
1,3000,4,36.368031,2.764085,355.000000,12317.000000,19595.8614349,
2,3000,4,0.088709,0.028789,562.000000,217811.000000,225893.02063,
3,3000,4,0.239721,0.056806,506.000000,303862.000000,311978.10173,
4,3000,4,0.462423,0.051811,352.000000,284759.000000,292531.013489,
5,3000,4,5.698563,0.287306,412.000000,413212.000000,421121.120453,
6,3000,4,2.330616,0.263787,477.000000,305242.000000,313116.073608,
7,3000,4,0.008003,0.015684,527.000000,161810.000000,169857.025146,
8,3000,4,0.769455,0.149957,461.000000,235967.000000,243886.947632,
9,3000,4,1.511025,0.128953,344.000000,416551.000000,424115.180969,
10,3000,4,0.211126,0.063388,452.000000,237831.000000,245620.965958,
11,3000,4,5.237822,0.409885,446.000000,520284.000000,528087.854385,
12,3000,4,0.129000,0.011995,520.000000,313349.000000,321146.011353,
13,3000,4,24.795704,0.693477,505.000000,272272.000000,280155.897141,
1,3000,8,42.310935,4.358820,951.000000,22228.000000,30474.9011993,
2,3000,8,0.110195,0.034814,940.000000,123498.000000,130973.100662,
3,3000,8,0.243178,0.057081,516.000000,164441.000000,171372.890472,
4,3000,8,0.476832,0.053266,649.000000,156104.000000,163261.890411,
5,3000,8,5.901825,0.295707,807.000000,224068.000000,232466.220856,
6,3000,8,2.359966,0.270870,641.000000,165574.000000,172624.111176,
7,3000,8,0.000000,0.000000,768.000000,86903.000000,95032.2151184,
8,3000,8,0.869810,0.162868,942.000000,147762.000000,156155.109406,
9,3000,8,1.637100,0.136292,979.000000,257245.000000,265417.098999,
10,3000,8,0.205697,0.062380,673.000000,134477.000000,142147.064209,
11,3000,8,5.056283,0.397628,938.000000,320618.000000,328826.904297,
12,3000,8,0.131333,0.012087,764.000000,179308.000000,187409.877777,
13,3000,8,24.729480,0.704383,806.000000,167288.000000,175463.914871,
1,3000,16,38.081233,3.283516,3105.000000,32959.000000,43332.0999146,
2,3000,16,0.074822,0.027719,3009.000000,77998.000000,88438.0340576,
3,3000,16,0.218880,0.053122,3465.000000,104755.000000,115793.943405,
4,3000,16,0.474365,0.052488,1199.000000,105727.000000,113981.962204,
5,3000,16,6.057724,0.298302,1485.000000,137092.000000,145885.944366,
6,3000,16,2.370546,0.266439,968.000000,104673.000000,112390.995026,
7,3000,16,0.012978,0.018168,2994.000000,59487.000000,69355.0109863,
8,3000,16,0.921392,0.174112,1649.000000,87006.000000,95864.0575409,
9,3000,16,1.539540,0.130968,1008.000000,138712.000000,146355.867386,
10,3000,16,0.183528,0.059769,1180.000000,90592.000000,98801.1360168,
11,3000,16,4.949895,0.386798,1560.000000,173919.000000,182419.061661,
12,3000,16,0.134333,0.012203,1697.000000,108652.000000,118222.951889,
13,3000,16,24.557506,0.681251,1601.000000,92959.000000,101818.084717,
1,3000,32,39.220022,3.719714,23874.000000,62819.000000,93523.0255127,
2,3000,32,0.083835,0.031334,6255.000000,82382.000000,95608.9496613,
3,3000,32,0.231113,0.054303,3245.000000,77237.000000,87815.0463104,
4,3000,32,0.495681,0.054414,5593.000000,82817.000000,95794.916153,
5,3000,32,5.925427,0.293480,3502.000000,99479.000000,109827.9953,
6,3000,32,2.312368,0.265678,3936.000000,79094.000000,91214.8952484,
7,3000,32,0.029035,0.028227,7841.000000,78315.000000,93441.9631958,
8,3000,32,0.855525,0.162896,4458.000000,78081.000000,89894.0563202,
9,3000,32,1.729523,0.138804,2845.000000,103540.000000,113828.897476,
10,3000,32,0.159023,0.055333,2888.000000,78148.000000,88106.1553955,
11,3000,32,5.027204,0.387105,3063.000000,119667.000000,130017.04216,
12,3000,32,0.125333,0.011848,6512.000000,78746.000000,92921.0186005,
13,3000,32,24.343620,0.689044,4922.000000,79376.000000,91413.0210876,
1,3000,64,43.020520,3.934066,48856.000000,9353.000000,65287.1131897,
2,3000,64,0.126215,0.038647,96575.000000,35204.000000,138216.018677,
3,3000,64,0.251656,0.054999,95819.000000,44309.000000,146367.073059,
4,3000,64,0.514188,0.055610,89159.000000,41735.000000,138183.832169,
5,3000,64,5.638597,0.290823,93343.000000,95793.000000,196379.899979,
6,3000,64,2.330264,0.267149,84728.000000,49581.000000,141793.012619,
7,3000,64,0.015263,0.018392,77705.000000,32019.000000,117145.061493,
8,3000,64,0.858401,0.163285,77604.000000,41844.000000,126250.02861,
9,3000,64,1.623989,0.133774,94677.000000,92942.000000,194169.998169,
10,3000,64,0.192296,0.057930,66839.000000,42592.000000,116971.969604,
11,3000,64,5.260699,0.406431,18521.000000,149422.000000,175244.808197,
12,3000,64,0.131333,0.012087,79551.000000,46241.000000,133352.041245,
13,3000,64,24.683371,0.705366,79321.000000,44304.000000,131120.920181,
1,3000,128,44.978511,5.860837,45517.000000,3282.000000,55629.0149689,
2,3000,128,0.143778,0.040989,77333.000000,30220.000000,114856.958389,
3,3000,128,0.243556,0.056886,94266.000000,31922.000000,133480.787277,
4,3000,128,0.531894,0.057243,90875.000000,35711.000000,134757.995605,
5,3000,128,5.826854,0.291638,107955.000000,48221.000000,164417.028427,
6,3000,128,2.373837,0.273296,92450.000000,36718.000000,137076.13945,
7,3000,128,0.000000,0.000000,79722.000000,22308.000000,109734.05838,
8,3000,128,1.044161,0.179876,88480.000000,33094.000000,129616.975784,
9,3000,128,1.444779,0.125752,106633.000000,51657.000000,166260.004044,
10,3000,128,0.189015,0.061750,91559.000000,27864.000000,127476.215363,
11,3000,128,4.865805,0.394900,112216.000000,61339.000000,181596.040726,
12,3000,128,0.141667,0.012478,89332.000000,35468.000000,133105.039597,
13,3000,128,24.919023,0.705934,92462.000000,33701.000000,134323.120117,
1,4000,1,42.947402,3.396535,127.000000,16881.000000,23669.9581146,
2,4000,1,0.090892,0.027304,256.000000,1123650.000000,1131316.90025,
3,4000,1,0.217067,0.047482,244.000000,1518240.000000,1525916.09955,
4,4000,1,0.471554,0.044702,123.000000,1491606.000000,1498590.9462,
5,4000,1,5.819077,0.250514,261.000000,2119072.000000,2126611.94801,
6,4000,1,2.396123,0.231995,243.000000,1566262.000000,1574028.01514,
7,4000,1,0.012072,0.016745,175.000000,820470.000000,827540.159225,
8,4000,1,0.817965,0.134178,270.000000,1209930.000000,1217157.12547,
9,4000,1,1.518682,0.112142,255.000000,2105862.000000,2114510.05936,
10,4000,1,0.170336,0.049627,260.000000,1193756.000000,1201341.15219,
11,4000,1,4.801433,0.338609,262.000000,2716005.000000,2723540.06767,
12,4000,1,0.133500,0.010540,245.000000,1547108.000000,1555027.00806,
13,4000,1,25.272770,0.622623,257.000000,1392484.000000,1400089.97917,
1,4000,2,41.128546,3.173702,207.000000,14235.000000,21252.8705597,
2,4000,2,0.123635,0.032163,337.000000,581860.000000,589532.852173,
3,4000,2,0.281090,0.053753,296.000000,767574.000000,775276.899338,
4,4000,2,0.499105,0.047188,198.000000,760074.000000,767268.180847,
5,4000,2,5.806989,0.251269,303.000000,1074851.000000,1082539.08157,
6,4000,2,2.327586,0.227193,155.000000,792265.000000,799669.981003,
7,4000,2,0.003950,0.007741,163.000000,420743.000000,428032.875061,
8,4000,2,1.002498,0.153285,304.000000,621588.000000,629299.163818,
9,4000,2,1.596582,0.114913,298.000000,1064261.000000,1071913.9576,
10,4000,2,0.216158,0.054517,301.000000,615833.000000,623459.815979,
11,4000,2,4.512165,0.327055,349.000000,1384921.000000,1392774.10507,
12,4000,2,0.135500,0.010607,1195.000000,783867.000000,792439.937592,
13,4000,2,24.889342,0.608668,156.000000,713500.000000,720696.210861,
1,4000,4,40.518587,3.026096,633.000000,17295.000000,24991.0354614,
2,4000,4,0.081611,0.025882,380.000000,297107.000000,304557.085037,
3,4000,4,0.237166,0.049019,531.000000,383693.000000,391330.957413,
4,4000,4,0.495457,0.046607,450.000000,380940.000000,387929.916382,
5,4000,4,5.865321,0.253034,608.000000,544248.000000,552326.917648,
6,4000,4,2.334031,0.226413,354.000000,413421.000000,420089.960098,
7,4000,4,0.009936,0.014385,546.000000,219212.000000,227081.06041,
8,4000,4,0.902948,0.145289,569.000000,324443.000000,332432.985306,
9,4000,4,1.521894,0.112096,563.000000,542699.000000,550803.899765,
10,4000,4,0.168894,0.046999,640.000000,322835.000000,330750.94223,
11,4000,4,5.071179,0.344602,491.000000,692486.000000,700453.042984,
12,4000,4,0.142000,0.010817,341.000000,414413.000000,422186.851501,
13,4000,4,24.865312,0.605755,453.000000,360538.000000,368362.903595,
1,4000,8,43.905934,3.368297,925.000000,31499.000000,39586.0671997,
2,4000,8,0.112892,0.030143,479.000000,161088.000000,168122.053146,
3,4000,8,0.224243,0.047480,876.000000,213854.000000,222057.104111,
4,4000,8,0.478401,0.046780,856.000000,211084.000000,219321.966171,
5,4000,8,5.661239,0.250144,892.000000,322308.000000,330461.978912,
6,4000,8,2.685477,0.250231,686.000000,223547.000000,231214.046478,
7,4000,8,0.005721,0.011211,846.000000,128370.000000,136723.995209,
8,4000,8,0.829674,0.137372,734.000000,203606.000000,212264.060974,
9,4000,8,1.541112,0.112771,644.000000,299738.000000,307595.968246,
10,4000,8,0.186080,0.052286,827.000000,195164.000000,203268.051147,
11,4000,8,5.011530,0.335000,479.000000,373633.000000,380769.968033,
12,4000,8,0.137000,0.010656,750.000000,224713.000000,232861.995697,
13,4000,8,25.017562,0.603198,497.000000,223682.000000,230277.061462,
1,4000,16,40.212110,3.067998,3208.000000,44352.000000,55458.0688477,
2,4000,16,0.100522,0.027500,1507.000000,112944.000000,121782.064438,
3,4000,16,0.223674,0.046819,1516.000000,138467.000000,147367.954254,
4,4000,16,0.466422,0.046006,1035.000000,147049.000000,155362.844467,
5,4000,16,5.728867,0.252427,1127.000000,184885.000000,193145.990372,
6,4000,16,2.589759,0.244555,1453.000000,140801.000000,149358.987808,
7,4000,16,0.006111,0.011975,1188.000000,74448.000000,81935.8825684,
8,4000,16,0.940351,0.148362,1209.000000,114248.000000,122125.864029,
9,4000,16,1.603573,0.115327,1450.000000,179872.000000,188641.07132,
10,4000,16,0.180300,0.051979,1053.000000,111064.000000,118477.82135,
11,4000,16,4.834111,0.351682,995.000000,224721.000000,232075.929642,
12,4000,16,0.130750,0.010448,1163.000000,144608.000000,152258.15773,
13,4000,16,25.315541,0.640647,1363.000000,118875.000000,127385.139465,
1,4000,32,41.184290,2.968923,22370.000000,76647.000000,106059.074402,
2,4000,32,0.089453,0.026450,4139.000000,101756.000000,112108.945847,
3,4000,32,0.254557,0.049875,2670.000000,100377.000000,109552.145004,
4,4000,32,0.481875,0.046707,4062.000000,105531.000000,117689.13269,
5,4000,32,5.648148,0.250336,4036.000000,119952.000000,131155.014038,
6,4000,32,2.570694,0.246549,3406.000000,114385.000000,124966.144562,
7,4000,32,0.004755,0.009319,8985.000000,97693.000000,113663.911819,
8,4000,32,0.785648,0.135372,2953.000000,96727.000000,105988.97934,
9,4000,32,1.638956,0.114283,2952.000000,116957.000000,125947.952271,
10,4000,32,0.179346,0.052036,5371.000000,95278.000000,106108.903885,
11,4000,32,4.768315,0.335637,3107.000000,136252.000000,146420.955658,
12,4000,32,0.132250,0.010498,3464.000000,98974.000000,109264.850616,
13,4000,32,24.942110,0.597305,4017.000000,112106.000000,123255.01442,
1,4000,64,45.233139,4.514731,75821.000000,19897.000000,102869.987488,
2,4000,64,0.129232,0.034307,128197.000000,38224.000000,172749.996185,
3,4000,64,0.242255,0.047700,105007.000000,94793.000000,206193.92395,
4,4000,64,0.504240,0.046911,81652.000000,104276.000000,193392.99202,
5,4000,64,6.032669,0.255774,76287.000000,135945.000000,218719.005585,
6,4000,64,2.624209,0.255084,131596.000000,43861.000000,182811.975479,
7,4000,64,0.011122,0.012171,117397.000000,27102.000000,151772.022247,
8,4000,64,0.813969,0.137071,103782.000000,38564.000000,148761.034012,
9,4000,64,1.571019,0.111651,107104.000000,147741.000000,262928.009033,
10,4000,64,0.171619,0.047748,126862.000000,35099.000000,168420.07637,
11,4000,64,5.248039,0.339400,33015.000000,167342.000000,207664.012909,
12,4000,64,0.128500,0.010371,99419.000000,98155.000000,204995.87059,
13,4000,64,24.330493,0.586405,114089.000000,59162.000000,180677.175522,
1,4000,128,42.590842,4.366885,61261.000000,4596.000000,72888.13591,
2,4000,128,0.102393,0.027984,117823.000000,29620.000000,154793.977737,
3,4000,128,0.207014,0.045526,134268.000000,30115.000000,171635.150909,
4,4000,128,0.491196,0.046860,132272.000000,35931.000000,175300.121307,
5,4000,128,5.666677,0.251359,152270.000000,39946.000000,198697.805405,
6,4000,128,2.404568,0.229917,117519.000000,35995.000000,160058.021545,
7,4000,128,0.001088,0.002133,93282.000000,17956.000000,118669.986725,
8,4000,128,0.859874,0.142409,118518.000000,25552.000000,150508.880615,
9,4000,128,1.520935,0.111343,128371.000000,47746.000000,183289.051056,
10,4000,128,0.212467,0.059071,118944.000000,27953.000000,154518.842697,
11,4000,128,5.076268,0.337322,146434.000000,53112.000000,207000.017166,
12,4000,128,0.140000,0.010753,128923.000000,34806.000000,171210.050583,
13,4000,128,24.301687,0.597044,103682.000000,31546.000000,142660.856247,
1,5000,1,44.280054,3.948859,251.000000,23355.000000,30906.2004089,
2,5000,1,0.119902,0.028308,124.000000,1407076.000000,1414507.86591,
3,5000,1,0.251228,0.045365,123.000000,1913554.000000,1920971.87042,
4,5000,1,0.509713,0.042206,249.000000,1811283.000000,1819016.93344,
5,5000,1,5.715468,0.224751,242.000000,2616286.000000,2624024.86801,
6,5000,1,2.432253,0.209926,136.000000,1974113.000000,1980953.93181,
7,5000,1,0.019805,0.018046,247.000000,1012095.000000,1019737.95891,
8,5000,1,0.756852,0.119721,123.000000,1503579.000000,1510295.86792,
9,5000,1,1.630523,0.102841,239.000000,2652102.000000,2659696.10214,
10,5000,1,0.182608,0.046566,122.000000,1514217.000000,1521652.93694,
11,5000,1,4.907388,0.294654,134.000000,3405088.000000,3413862.94365,
12,5000,1,0.133400,0.009425,259.000000,1953964.000000,1962530.85136,
13,5000,1,24.944343,0.548154,151.000000,1741211.000000,1748300.07553,
1,5000,2,41.753109,2.883603,170.000000,18934.000000,26444.9119568,
2,5000,2,0.121620,0.027685,337.000000,722032.000000,729475.975037,
3,5000,2,0.195332,0.039872,333.000000,946463.000000,953711.032867,
4,5000,2,0.472268,0.040945,314.000000,925734.000000,933553.934097,
5,5000,2,5.884035,0.228200,326.000000,1337035.000000,1344871.99783,
6,5000,2,2.288747,0.205244,159.000000,972300.000000,978949.069977,
7,5000,2,0.003932,0.006706,329.000000,530520.000000,538269.042969,
8,5000,2,0.875336,0.124690,972.000000,777321.000000,785714.149475,
9,5000,2,1.574613,0.103060,319.000000,1334504.000000,1342815.16075,
10,5000,2,0.221501,0.052312,325.000000,777615.000000,785510.063171,
11,5000,2,5.070737,0.304529,320.000000,1721930.000000,1730694.05556,
12,5000,2,0.127400,0.009242,169.000000,987004.000000,993772.029877,
13,5000,2,24.271876,0.537744,310.000000,884690.000000,892290.830612,
1,5000,4,41.729008,3.214967,622.000000,22468.000000,30497.0741272,
2,5000,4,0.127731,0.028720,576.000000,383964.000000,392038.106918,
3,5000,4,0.259893,0.045901,370.000000,500004.000000,507885.932922,
4,5000,4,0.503949,0.042890,498.000000,472781.000000,480635.881424,
5,5000,4,5.962122,0.227637,511.000000,684819.000000,692744.016647,
6,5000,4,2.457069,0.213469,296.000000,516065.000000,523380.041122,
7,5000,4,0.036276,0.023748,627.000000,265962.000000,274015.903473,
8,5000,4,0.909016,0.129548,459.000000,404203.000000,412024.021149,
9,5000,4,1.628057,0.104813,371.000000,686882.000000,693660.020828,
10,5000,4,0.183974,0.046581,515.000000,397651.000000,405598.163605,
11,5000,4,5.308449,0.312102,581.000000,871605.000000,879583.120346,
12,5000,4,0.140000,0.009618,567.000000,511684.000000,520956.993103,
13,5000,4,25.100516,0.545138,416.000000,448118.000000,455472.946167,
1,5000,8,43.282927,3.158869,975.000000,36924.000000,44898.9868164,
2,5000,8,0.132381,0.029734,984.000000,195724.000000,204531.908035,
3,5000,8,0.204331,0.041695,879.000000,258994.000000,268435.001373,
4,5000,8,0.475914,0.040915,956.000000,258824.000000,267813.920975,
5,5000,8,5.769741,0.224736,811.000000,361073.000000,369268.894196,
6,5000,8,2.595271,0.218534,787.000000,275101.000000,283384.799957,
7,5000,8,0.010429,0.012327,918.000000,145101.000000,154378.890991,
8,5000,8,0.804520,0.124161,970.000000,213355.000000,221874.952316,
9,5000,8,1.563478,0.100503,822.000000,363665.000000,371903.896332,
10,5000,8,0.184930,0.045988,750.000000,221475.000000,228950.977325,
11,5000,8,4.900041,0.314701,925.000000,541248.000000,549558.162689,
12,5000,8,0.130400,0.009334,510.000000,277917.000000,285486.936569,
13,5000,8,24.528323,0.550736,1163.000000,230324.000000,238687.992096,
1,5000,16,40.513057,2.882597,3347.000000,69090.000000,79854.0115356,
2,5000,16,0.109734,0.026720,1593.000000,123570.000000,132476.091385,
3,5000,16,0.234962,0.042899,1485.000000,157095.000000,166059.970856,
4,5000,16,0.494459,0.042764,1618.000000,161181.000000,170279.979706,
5,5000,16,5.912467,0.226715,1699.000000,213988.000000,223049.879074,
6,5000,16,2.230482,0.204058,1622.000000,169172.000000,178053.14064,
7,5000,16,0.008157,0.008969,1257.000000,96565.000000,104712.963104,
8,5000,16,0.895217,0.127844,1605.000000,130051.000000,138901.948929,
9,5000,16,1.629498,0.103362,1495.000000,223130.000000,231959.104538,
10,5000,16,0.171113,0.044308,1610.000000,134428.000000,143302.91748,
11,5000,16,4.873728,0.294346,1527.000000,275545.000000,284348.964691,
12,5000,16,0.136600,0.009519,1862.000000,171605.000000,181516.170502,
13,5000,16,24.407119,0.536905,1501.000000,145664.000000,154399.871826,
1,5000,32,41.568730,3.063656,25376.000000,129845.000000,162308.931351,
2,5000,32,0.115456,0.027859,8699.000000,154214.000000,170234.918594,
3,5000,32,0.235561,0.044352,4564.000000,158824.000000,170850.992203,
4,5000,32,0.508820,0.041908,8312.000000,156704.000000,172538.995743,
5,5000,32,5.775364,0.223519,4215.000000,163101.000000,174640.17868,
6,5000,32,2.410261,0.213547,6712.000000,154905.000000,168950.080872,
7,5000,32,0.015411,0.015409,12791.000000,148745.000000,168787.956238,
8,5000,32,0.927417,0.132816,8514.000000,151290.000000,167046.070099,
9,5000,32,1.548560,0.100262,3900.000000,160862.000000,171728.134155,
10,5000,32,0.193580,0.046628,9771.000000,152903.000000,170004.12941,
11,5000,32,4.959711,0.306518,3585.000000,178377.000000,189303.874969,
12,5000,32,0.125600,0.009186,4729.000000,155061.000000,167142.868042,
13,5000,32,25.076096,0.547804,6462.000000,158936.000000,172497.034073,
1,5000,64,41.504541,4.043411,129585.000000,40927.000000,178833.961487,
2,5000,64,0.108038,0.027506,136731.000000,119055.000000,263080.120087,
3,5000,64,0.211903,0.041292,123686.000000,153937.000000,284667.015076,
4,5000,64,0.487907,0.042246,125219.000000,137522.000000,270124.912262,
5,5000,64,5.831389,0.228372,96976.000000,200492.000000,304710.149765,
6,5000,64,2.403935,0.211968,150958.000000,106254.000000,264393.091202,
7,5000,64,0.020921,0.018296,137893.000000,96147.000000,241090.05928,
8,5000,64,0.878783,0.124011,125039.000000,128341.000000,260654.9263,
9,5000,64,1.569015,0.102093,105707.000000,194131.000000,307162.046432,
10,5000,64,0.178358,0.045638,136407.000000,119906.000000,263735.055923,
11,5000,64,4.839105,0.289919,95489.000000,230021.000000,332889.080048,
12,5000,64,0.135800,0.009496,116064.000000,148720.000000,271474.123001,
13,5000,64,24.616329,0.534285,126402.000000,134768.000000,268790.960312,
1,5000,128,41.236328,2.909446,104558.000000,7614.000000,120261.907578,
2,5000,128,0.093717,0.024467,157395.000000,27112.000000,192375.183105,
3,5000,128,0.210203,0.040029,183775.000000,28353.000000,220184.087753,
4,5000,128,0.490404,0.040982,173694.000000,27093.000000,209717.988968,
5,5000,128,5.665547,0.224815,190238.000000,36400.000000,234645.843506,
6,5000,128,2.467452,0.212529,174425.000000,27708.000000,209876.060486,
7,5000,128,0.014908,0.015072,138984.000000,20269.000000,167451.858521,
8,5000,128,0.817787,0.123669,164507.000000,30217.000000,202729.940414,
9,5000,128,1.544225,0.101535,209964.000000,32048.000000,249974.012375,
10,5000,128,0.237660,0.053521,169082.000000,23126.000000,199583.053589,
11,5000,128,4.695126,0.286429,222416.000000,42409.000000,272974.014282,
12,5000,128,0.136200,0.009507,173636.000000,27318.000000,209066.152573,
13,5000,128,24.802805,0.552844,171257.000000,26595.000000,206051.111221,
1,6000,1,42.265573,2.881940,134.000000,23151.000000,30116.0812378,
2,6000,1,0.107167,0.023252,164.000000,1667014.000000,1674242.01965,
3,6000,1,0.207305,0.037932,252.000000,2234377.000000,2242336.03477,
4,6000,1,0.465586,0.037089,244.000000,2151642.000000,2159343.9579,
5,6000,1,5.877237,0.204462,250.000000,3168682.000000,3176326.99013,
6,6000,1,2.443811,0.197786,264.000000,2327197.000000,2334881.06728,
7,6000,1,0.013302,0.012737,130.000000,1227427.000000,1234018.08739,
8,6000,1,0.830073,0.113318,245.000000,1824345.000000,1832001.92451,
9,6000,1,1.570209,0.092856,249.000000,3187800.000000,3195584.05876,
10,6000,1,0.204074,0.043423,245.000000,1817781.000000,1825366.97388,
11,6000,1,4.994114,0.277476,247.000000,4080931.000000,4088517.90428,
12,6000,1,0.131167,0.008542,248.000000,2321474.000000,2329267.97867,
13,6000,1,24.822846,0.496332,242.000000,2086005.000000,2093583.82225,
1,6000,2,45.887366,3.066981,163.000000,20330.000000,27595.0431824,
2,6000,2,0.108556,0.023247,305.000000,858010.000000,865780.115128,
3,6000,2,0.226684,0.038554,350.000000,1164955.000000,1172736.16791,
4,6000,2,0.492123,0.038252,331.000000,1098885.000000,1106187.10518,
5,6000,2,6.007285,0.207299,309.000000,1613212.000000,1621454.95415,
6,6000,2,2.332973,0.188580,352.000000,1193929.000000,1201860.90469,
7,6000,2,0.029494,0.019684,332.000000,635246.000000,643010.139465,
8,6000,2,0.888394,0.116920,210.000000,945666.000000,953571.796417,
9,6000,2,1.659798,0.094938,303.000000,1618153.000000,1625819.92149,
10,6000,2,0.159847,0.038482,307.000000,932570.000000,940407.037735,
11,6000,2,4.977534,0.277038,162.000000,2072547.000000,2079560.04143,
12,6000,2,0.128333,0.008463,158.000000,1183270.000000,1189990.99731,
13,6000,2,25.011751,0.497860,190.000000,1067217.000000,1074838.87672,
1,6000,4,42.635232,2.972737,466.000000,26984.000000,34866.0945892,
2,6000,4,0.097399,0.023261,577.000000,442275.000000,450380.086899,
3,6000,4,0.251650,0.040578,593.000000,612543.000000,620561.122894,
4,6000,4,0.487843,0.037781,369.000000,571942.000000,579610.824585,
5,6000,4,5.730813,0.204556,521.000000,811529.000000,819357.156754,
6,6000,4,2.396271,0.191006,534.000000,607338.000000,615500.926971,
7,6000,4,0.021293,0.017366,516.000000,325044.000000,333333.969116,
8,6000,4,0.937565,0.119672,579.000000,476333.000000,484288.930893,
9,6000,4,1.611684,0.094473,1743.000000,815123.000000,824381.828308,
10,6000,4,0.191003,0.042835,510.000000,481870.000000,489921.808243,
11,6000,4,5.034114,0.280593,361.000000,1040729.000000,1048187.01744,
12,6000,4,0.134833,0.008642,631.000000,601172.000000,610759.973526,
13,6000,4,25.200035,0.500566,501.000000,538235.000000,546139.955521,
1,6000,8,42.319254,3.082397,650.000000,44640.000000,52549.123764,
2,6000,8,0.108805,0.024425,797.000000,224627.000000,232407.808304,
3,6000,8,0.243158,0.040644,694.000000,314747.000000,321816.921234,
4,6000,8,0.490021,0.038186,661.000000,310518.000000,318075.180054,
5,6000,8,5.933468,0.206477,1052.000000,499077.000000,507532.119751,
6,6000,8,2.633574,0.203010,915.000000,336109.000000,344439.029694,
7,6000,8,0.009922,0.011614,611.000000,174690.000000,181781.053543,
8,6000,8,0.841686,0.111273,1037.000000,293788.000000,302093.029022,
9,6000,8,1.601445,0.093748,885.000000,449395.000000,457600.831985,
10,6000,8,0.190558,0.042767,740.000000,255097.000000,262771.129608,
11,6000,8,5.242667,0.287324,845.000000,561637.000000,569442.987442,
12,6000,8,0.136833,0.008696,914.000000,384873.000000,394852.161407,
13,6000,8,24.915079,0.501510,814.000000,275516.000000,283646.10672,
1,6000,16,41.222798,2.489290,3422.000000,77981.000000,87703.9432526,
2,6000,16,0.116690,0.025248,1545.000000,149747.000000,158711.194992,
3,6000,16,0.245824,0.040370,1364.000000,195603.000000,203907.012939,
4,6000,16,0.501912,0.038405,1048.000000,183483.000000,191380.977631,
5,6000,16,5.848818,0.206310,1618.000000,263812.000000,272806.882858,
6,6000,16,2.361012,0.188908,1581.000000,193608.000000,202569.007874,
7,6000,16,0.011765,0.011724,1982.000000,111713.000000,121068.000793,
8,6000,16,0.896804,0.117610,1705.000000,158726.000000,167781.829834,
9,6000,16,1.558896,0.092893,1473.000000,263454.000000,271857.023239,
10,6000,16,0.201544,0.041572,1810.000000,164075.000000,173285.007477,
11,6000,16,4.861448,0.270355,1578.000000,334469.000000,343358.99353,
12,6000,16,0.131333,0.008547,1881.000000,210782.000000,219548.940659,
13,6000,16,25.246430,0.500674,1088.000000,175442.000000,183046.81778,
1,6000,32,42.103704,2.660413,24651.000000,154831.000000,186540.126801,
2,6000,32,0.131818,0.027381,6032.000000,179297.000000,192770.004272,
3,6000,32,0.213899,0.037569,4746.000000,180314.000000,192334.890366,
4,6000,32,0.472066,0.036851,7489.000000,181744.000000,196527.957916,
5,6000,32,5.783405,0.204724,4756.000000,190367.000000,202594.995499,
6,6000,32,2.392684,0.189628,6590.000000,193977.000000,208434.104919,
7,6000,32,0.031309,0.020173,12769.000000,177643.000000,197712.898254,
8,6000,32,0.841577,0.114839,5982.000000,178495.000000,191365.95726,
9,6000,32,1.521527,0.090755,4647.000000,185093.000000,197113.037109,
10,6000,32,0.217130,0.046091,6771.000000,193591.000000,207750.082016,
11,6000,32,4.779681,0.266368,3215.000000,209092.000000,219753.026962,
12,6000,32,0.129167,0.008486,7973.000000,178567.000000,193471.908569,
13,6000,32,25.399191,0.497238,7135.000000,190578.000000,204792.022705,
1,6000,64,41.734496,3.438558,153858.000000,64547.000000,224683.046341,
2,6000,64,0.115432,0.024610,128095.000000,192623.000000,327525.854111,
3,6000,64,0.226583,0.038262,121643.000000,216945.000000,345965.862274,
4,6000,64,0.479899,0.037534,140348.000000,194364.000000,342256.069183,
5,6000,64,5.745197,0.206638,105373.000000,260192.000000,373060.941696,
6,6000,64,2.456796,0.196826,111742.000000,222923.000000,342353.105545,
7,6000,64,0.003770,0.007292,147609.000000,156961.000000,311921.834946,
8,6000,64,0.888292,0.120277,125681.000000,203642.000000,336750.984192,
9,6000,64,1.644845,0.096386,100422.000000,268650.000000,377202.987671,
10,6000,64,0.201073,0.042994,128496.000000,211516.000000,346483.945847,
11,6000,64,4.953340,0.269298,92048.000000,304523.000000,401852.846146,
12,6000,64,0.133500,0.008606,104724.000000,236621.000000,350265.026093,
13,6000,64,24.939439,0.499924,122048.000000,215498.000000,345165.967941,
1,6000,128,40.929654,2.835617,140628.000000,11529.000000,159455.060959,
2,6000,128,0.100943,0.024063,195327.000000,57504.000000,259984.970093,
3,6000,128,0.237533,0.040296,219793.000000,73335.000000,300395.011902,
4,6000,128,0.477011,0.037455,207131.000000,80767.000000,296549.081802,
5,6000,128,5.690444,0.205457,253367.000000,89626.000000,351216.077805,
6,6000,128,2.344712,0.190342,215916.000000,74630.000000,298259.019852,
7,6000,128,0.013775,0.013574,181997.000000,48799.000000,237701.892853,
8,6000,128,0.828228,0.114204,208914.000000,61777.000000,278095.960617,
9,6000,128,1.572529,0.093008,242244.000000,96582.000000,345944.881439,
10,6000,128,0.184331,0.042281,171177.000000,68749.000000,247230.052948,
11,6000,128,4.882000,0.272882,256645.000000,120462.000000,384536.027908,
12,6000,128,0.134833,0.008642,216901.000000,77114.000000,302634.954453,
13,6000,128,25.012455,0.497699,207437.000000,67759.000000,283857.822418,
1,7000,1,42.858699,2.527125,245.000000,26149.000000,34953.1173706,
2,7000,1,0.116724,0.023755,127.000000,1961180.000000,1967861.17554,
3,7000,1,0.274033,0.039887,125.000000,2635621.000000,2643019.91463,
4,7000,1,0.463485,0.034072,121.000000,2539381.000000,2546883.10623,
5,7000,1,5.895658,0.193229,126.000000,3678303.000000,3684810.16159,
6,7000,1,2.453190,0.178223,244.000000,2723159.000000,2730787.99248,
7,7000,1,0.009604,0.009898,275.000000,1422559.000000,1430634.02176,
8,7000,1,0.841463,0.106475,244.000000,2126769.000000,2134351.01509,
9,7000,1,1.564494,0.085608,123.000000,3674542.000000,3681069.13567,
10,7000,1,0.195757,0.039829,126.000000,2145146.000000,2152748.10791,
11,7000,1,4.792310,0.252133,131.000000,4762718.000000,4769871.95015,
12,7000,1,0.136857,0.008052,158.000000,2765539.000000,2772783.99467,
13,7000,1,24.673041,0.464210,123.000000,2430065.000000,2436608.0761,
1,7000,2,45.563244,3.410804,317.000000,21326.000000,28874.874115,
2,7000,2,0.097375,0.020820,154.000000,1028729.000000,1035917.99736,
3,7000,2,0.259191,0.039389,158.000000,1337170.000000,1344592.09442,
4,7000,2,0.499319,0.035802,190.000000,1287260.000000,1294780.96962,
5,7000,2,5.923880,0.190418,194.000000,1870306.000000,1877496.0041,
6,7000,2,2.516434,0.179948,296.000000,1401621.000000,1409498.92998,
7,7000,2,0.026411,0.018403,157.000000,730655.000000,737962.007523,
8,7000,2,0.915851,0.109788,324.000000,1102035.000000,1109699.01085,
9,7000,2,1.584492,0.086539,155.000000,1873926.000000,1880671.978,
10,7000,2,0.221568,0.043841,157.000000,1079445.000000,1085833.07266,
11,7000,2,4.987859,0.254448,329.000000,2407125.000000,2414673.08998,
12,7000,2,0.134286,0.007987,160.000000,1385350.000000,1392137.05063,
13,7000,2,24.918209,0.459938,169.000000,1240848.000000,1248609.06601,
1,7000,4,39.814860,2.280704,427.000000,26529.000000,33195.9724426,
2,7000,4,0.103216,0.021973,566.000000,544195.000000,552177.906036,
3,7000,4,0.255787,0.038740,299.000000,692927.000000,700406.78978,
4,7000,4,0.512934,0.036289,288.000000,668468.000000,675945.997238,
5,7000,4,5.884513,0.194665,299.000000,954585.000000,962007.99942,
6,7000,4,2.508593,0.180709,587.000000,713493.000000,721570.014954,
7,7000,4,0.006788,0.009429,294.000000,372032.000000,379495.14389,
8,7000,4,0.891154,0.107298,454.000000,571668.000000,579507.112503,
9,7000,4,1.492410,0.083466,337.000000,975438.000000,982925.17662,
10,7000,4,0.174963,0.038574,323.000000,583201.000000,590056.89621,
11,7000,4,4.829612,0.255473,340.000000,1256409.000000,1263423.91968,
12,7000,4,0.133286,0.007962,495.000000,731628.000000,740195.989609,
13,7000,4,25.067400,0.467365,517.000000,624031.000000,632033.109665,
1,7000,8,39.413326,2.162621,866.000000,44819.000000,52922.9640961,
2,7000,8,0.100949,0.020755,567.000000,312371.000000,320187.091827,
3,7000,8,0.265460,0.039933,543.000000,417428.000000,424299.001694,
4,7000,8,0.492466,0.035435,431.000000,394766.000000,401752.948761,
5,7000,8,5.805930,0.192545,653.000000,591278.000000,599205.970764,
6,7000,8,2.388290,0.175914,1001.000000,382095.000000,390431.880951,
7,7000,8,0.013494,0.011358,1009.000000,228860.000000,237047.91069,
8,7000,8,0.846724,0.104325,896.000000,338283.000000,346682.071686,
9,7000,8,1.682449,0.089601,422.000000,584730.000000,592180.013657,
10,7000,8,0.192209,0.041138,563.000000,345916.000000,353154.89769,
11,7000,8,5.165275,0.260786,641.000000,741523.000000,748454.809189,
12,7000,8,0.140571,0.008143,769.000000,433981.000000,442019.939423,
13,7000,8,24.956051,0.458584,523.000000,375884.000000,382842.063904,
1,7000,16,40.590488,2.285045,3115.000000,79483.000000,89787.9600525,
2,7000,16,0.119646,0.023848,1342.000000,180388.000000,188897.848129,
3,7000,16,0.226490,0.036252,1522.000000,228569.000000,237421.989441,
4,7000,16,0.525921,0.036486,1547.000000,228483.000000,237423.89679,
5,7000,16,5.944763,0.193872,1096.000000,314390.000000,322684.049606,
6,7000,16,2.447995,0.178509,1739.000000,239597.000000,248620.033264,
7,7000,16,0.005116,0.006328,1611.000000,129882.000000,138816.833496,
8,7000,16,0.947595,0.115078,1281.000000,188495.000000,195861.816406,
9,7000,16,1.608123,0.088402,1628.000000,312333.000000,321431.159973,
10,7000,16,0.189507,0.040071,1092.000000,187975.000000,196310.043335,
11,7000,16,4.930279,0.249769,1103.000000,394153.000000,401962.995529,
12,7000,16,0.138714,0.008097,1392.000000,261310.000000,270073.890686,
13,7000,16,24.955440,0.456261,3217.000000,205670.000000,216063.976288,
1,7000,32,41.985748,2.899797,21722.000000,153247.000000,182191.848755,
2,7000,32,0.104772,0.021625,6285.000000,184280.000000,198425.05455,
3,7000,32,0.235756,0.036366,2614.000000,185393.000000,194222.927094,
4,7000,32,0.477698,0.033952,3569.000000,174655.000000,185427.188873,
5,7000,32,5.673931,0.188815,2790.000000,215363.000000,224498.033524,
6,7000,32,2.359375,0.174556,3785.000000,178180.000000,189374.20845,
7,7000,32,0.013212,0.011931,8724.000000,170187.000000,185636.043549,
8,7000,32,0.775714,0.096683,2788.000000,175210.000000,185354.948044,
9,7000,32,1.626508,0.088262,4403.000000,215212.000000,226979.970932,
10,7000,32,0.188887,0.039613,3138.000000,171513.000000,181953.907013,
11,7000,32,4.818510,0.251588,3214.000000,268867.000000,279380.79834,
12,7000,32,0.128857,0.007849,4060.000000,177116.000000,188203.09639,
13,7000,32,24.801228,0.464262,3843.000000,173667.000000,184258.937836,
1,7000,64,42.625567,2.613034,155162.000000,49567.000000,212411.880493,
2,7000,64,0.126692,0.024797,88919.000000,186974.000000,282715.082169,
3,7000,64,0.216357,0.035133,125098.000000,260683.000000,393146.038055,
4,7000,64,0.470404,0.034577,64682.000000,262663.000000,334692.955017,
5,7000,64,5.933433,0.192954,94650.000000,275072.000000,377156.019211,
6,7000,64,2.321476,0.173884,126987.000000,235307.000000,368735.074997,
7,7000,64,0.012293,0.012144,141080.000000,148850.000000,296859.97963,
8,7000,64,0.800306,0.103705,141701.000000,170034.000000,318866.968155,
9,7000,64,1.613483,0.086657,127652.000000,275532.000000,410742.998123,
10,7000,64,0.205626,0.041610,172201.000000,118875.000000,298576.831818,
11,7000,64,4.919373,0.254110,88103.000000,340010.000000,434547.185898,
12,7000,64,0.129857,0.007875,138223.000000,221738.000000,367485.046387,
13,7000,64,25.051066,0.466250,129283.000000,230786.000000,367497.92099,
1,7000,128,41.880948,2.482640,145035.000000,13877.000000,166122.198105,
2,7000,128,0.114325,0.023765,227466.000000,55623.000000,290278.911591,
3,7000,128,0.221002,0.034844,254366.000000,61480.000000,323041.915894,
4,7000,128,0.431018,0.032750,233758.000000,68518.000000,309556.96106,
5,7000,128,5.839013,0.192171,246671.000000,96984.000000,351003.885269,
6,7000,128,2.431955,0.179770,257689.000000,68666.000000,335012.197495,
7,7000,128,0.006272,0.008132,187544.000000,48026.000000,243881.940842,
8,7000,128,0.914677,0.109683,235976.000000,54282.000000,297034.978867,
9,7000,128,1.492979,0.083953,297278.000000,87706.000000,392733.097076,
10,7000,128,0.168314,0.036339,273219.000000,52254.000000,332914.113998,
11,7000,128,4.821819,0.249267,313528.000000,134037.000000,454911.94725,
12,7000,128,0.126857,0.007797,281558.000000,67343.000000,356467.962265,
13,7000,128,25.010640,0.463969,270380.000000,59798.000000,337622.16568,
1,8000,1,42.402938,2.726670,142.000000,34005.000000,40304.8992157,
2,8000,1,0.109657,0.021043,250.000000,2246344.000000,2254354.95377,
3,8000,1,0.212340,0.031405,263.000000,2989674.000000,2997050.04692,
4,8000,1,0.488233,0.032484,251.000000,2882602.000000,2890287.87613,
5,8000,1,5.712046,0.176918,251.000000,4210683.000000,4218286.99112,
6,8000,1,2.356188,0.163862,253.000000,3100961.000000,3108862.87689,
7,8000,1,0.010415,0.009998,266.000000,1617926.000000,1625662.08839,
8,8000,1,0.940086,0.104080,251.000000,2430188.000000,2437837.12387,
9,8000,1,1.538405,0.078302,152.000000,4237675.000000,4245098.82927,
10,8000,1,0.182421,0.035492,126.000000,2452821.000000,2459900.85602,
11,8000,1,4.888858,0.235999,256.000000,5429787.000000,5437332.15332,
12,8000,1,0.139500,0.007592,253.000000,3140662.000000,3148505.21088,
13,8000,1,25.024905,0.430694,163.000000,2775717.000000,2783361.91177,
1,8000,2,43.583103,2.385390,305.000000,22404.000000,30020.9522247,
2,8000,2,0.098624,0.019799,161.000000,1133224.000000,1139790.05814,
3,8000,2,0.241424,0.034548,296.000000,1530482.000000,1538079.02336,
4,8000,2,0.493396,0.032668,321.000000,1491833.000000,1499501.94359,
5,8000,2,5.811539,0.179577,154.000000,2120084.000000,2126674.89052,
6,8000,2,2.462055,0.167212,303.000000,1593884.000000,1601602.07748,
7,8000,2,0.007235,0.008061,203.000000,824788.000000,832579.135895,
8,8000,2,0.887355,0.101373,350.000000,1245032.000000,1252725.12436,
9,8000,2,1.619300,0.081690,315.000000,2146856.000000,2154582.02362,
10,8000,2,0.176421,0.035037,314.000000,1248966.000000,1256477.83279,
11,8000,2,5.050040,0.240679,163.000000,2757279.000000,2764447.21222,
12,8000,2,0.131500,0.007406,156.000000,1586989.000000,1593652.00996,
13,8000,2,25.383177,0.437167,314.000000,1410775.000000,1418843.9846,
1,8000,4,38.614398,1.995851,552.000000,28580.000000,36684.0362549,
2,8000,4,0.119820,0.022137,452.000000,590988.000000,598857.164383,
3,8000,4,0.256757,0.035651,566.000000,810651.000000,818258.047104,
4,8000,4,0.476547,0.032474,279.000000,769011.000000,776350.975037,
5,8000,4,5.840526,0.178010,239.000000,1118150.000000,1125432.96814,
6,8000,4,2.321745,0.162402,275.000000,812919.000000,820219.039917,
7,8000,4,0.015529,0.012315,234.000000,433355.000000,440629.959106,
8,8000,4,0.858853,0.100739,327.000000,659673.000000,667185.06813,
9,8000,4,1.577096,0.080429,447.000000,1118908.000000,1126564.97955,
10,8000,4,0.228963,0.042157,567.000000,642492.000000,650441.169739,
11,8000,4,4.917315,0.238381,382.000000,1439115.000000,1446807.86133,
12,8000,4,0.137250,0.007541,287.000000,830698.000000,837486.982346,
13,8000,4,24.917567,0.428335,319.000000,712989.000000,719635.96344,
1,8000,8,40.890991,2.397523,833.000000,48030.000000,56120.8724976,
2,8000,8,0.102554,0.020433,885.000000,357425.000000,366309.165955,
3,8000,8,0.228601,0.033319,2065.000000,483476.000000,491873.025894,
4,8000,8,0.459221,0.031567,959.000000,417640.000000,426165.819168,
5,8000,8,5.918098,0.181649,857.000000,675273.000000,683434.963226,
6,8000,8,2.468592,0.168326,757.000000,488400.000000,495944.976807,
7,8000,8,0.006168,0.006674,625.000000,261564.000000,269478.082657,
8,8000,8,0.850428,0.097775,953.000000,392305.000000,400470.972061,
9,8000,8,1.528662,0.079498,475.000000,663077.000000,670727.968216,
10,8000,8,0.186866,0.037707,513.000000,386851.000000,393315.076828,
11,8000,8,5.016964,0.239873,544.000000,853854.000000,861588.001251,
12,8000,8,0.132875,0.007438,785.000000,498049.000000,506150.960922,
13,8000,8,24.325358,0.425958,754.000000,439274.000000,447278.022766,
1,8000,16,40.964997,2.372193,3045.000000,93033.000000,103152.036667,
2,8000,16,0.125548,0.022657,1090.000000,225360.000000,232753.992081,
3,8000,16,0.226437,0.032785,1131.000000,265124.000000,272993.803024,
4,8000,16,0.496976,0.033345,1019.000000,250250.000000,257611.989975,
5,8000,16,5.832781,0.179845,2812.000000,350626.000000,360677.957535,
6,8000,16,2.325151,0.163714,1204.000000,275131.000000,283490.180969,
7,8000,16,0.015802,0.012842,1419.000000,149593.000000,158250.09346,
8,8000,16,0.840659,0.093954,1782.000000,212010.000000,221222.877502,
9,8000,16,1.615590,0.082686,925.000000,358604.000000,366606.95076,
10,8000,16,0.148827,0.032839,1658.000000,206999.000000,215828.895569,
11,8000,16,4.993130,0.243490,1620.000000,450166.000000,459151.983261,
12,8000,16,0.137750,0.007552,990.000000,283911.000000,291203.975677,
13,8000,16,24.671237,0.425603,1463.000000,246650.000000,255471.944809,
1,8000,32,41.522569,3.651545,20962.000000,176872.000000,204954.147339,
2,8000,32,0.107561,0.021384,4341.000000,197386.000000,209037.065506,
3,8000,32,0.223246,0.032798,2742.000000,201246.000000,210941.076279,
4,8000,32,0.501438,0.033614,3892.000000,196313.000000,207321.166992,
5,8000,32,5.868254,0.180591,2610.000000,228001.000000,236733.913422,
6,8000,32,2.374410,0.164967,3519.000000,194896.000000,205224.03717,
7,8000,32,0.008918,0.008671,9262.000000,194516.000000,210999.965668,
8,8000,32,0.743019,0.089514,3090.000000,205424.000000,215112.924576,
9,8000,32,1.577226,0.080661,3413.000000,227275.000000,237473.011017,
10,8000,32,0.188594,0.037901,3063.000000,206522.000000,216861.009598,
11,8000,32,4.878749,0.236470,2775.000000,300028.000000,310061.93161,
12,8000,32,0.131875,0.007415,4771.000000,197944.000000,210137.844086,
13,8000,32,24.936912,0.432626,4228.000000,190254.000000,201615.095139,
1,8000,64,41.986228,2.385989,171628.000000,75927.000000,254749.059677,
2,8000,64,0.121590,0.022684,136441.000000,216623.000000,360058.069229,
3,8000,64,0.256128,0.036723,75376.000000,272191.000000,356201.887131,
4,8000,64,0.450738,0.031651,116575.000000,233165.000000,357156.038284,
5,8000,64,5.625805,0.176702,27284.000000,366418.000000,399868.965149,
6,8000,64,2.411666,0.169070,120608.000000,217407.000000,345462.083817,
7,8000,64,0.002094,0.004103,145458.000000,141398.000000,293298.959732,
8,8000,64,0.843799,0.099820,127156.000000,283874.000000,418676.137924,
9,8000,64,1.644542,0.082796,101461.000000,299690.000000,408574.104309,
10,8000,64,0.196226,0.039075,106638.000000,263386.000000,376513.957977,
11,8000,64,4.936355,0.235492,64399.000000,399155.000000,470489.97879,
12,8000,64,0.137500,0.007546,120706.000000,283237.000000,411458.015442,
13,8000,64,24.905350,0.427435,120408.000000,245149.000000,372861.146927,
1,8000,128,41.502136,2.193376,180562.000000,18481.000000,205873.966217,
2,8000,128,0.110281,0.021813,282804.000000,52572.000000,343102.931976,
3,8000,128,0.247054,0.034766,262037.000000,65459.000000,334855.794907,
4,8000,128,0.493474,0.033917,322588.000000,71096.000000,401757.001877,
5,8000,128,5.772543,0.177303,276058.000000,87567.000000,370954.036713,
6,8000,128,2.436768,0.167449,286607.000000,72508.000000,366353.034973,
7,8000,128,0.015458,0.013009,239902.000000,41366.000000,288636.207581,
8,8000,128,0.865527,0.098764,297356.000000,61218.000000,365085.840225,
9,8000,128,1.551687,0.079969,305478.000000,114001.000000,426909.923553,
10,8000,128,0.208057,0.038555,294461.000000,64673.000000,366606.95076,
11,8000,128,4.745947,0.233882,347153.000000,143465.000000,498676.06163,
12,8000,128,0.138750,0.007575,315628.000000,84208.000000,408098.936081,
13,8000,128,24.910542,0.434089,329705.000000,62076.000000,399788.856506,
1,9000,1,42.884217,2.589403,143.000000,33756.000000,41090.0115967,
2,9000,1,0.109063,0.019987,245.000000,2530694.000000,2538306.95152,
3,9000,1,0.237940,0.032591,243.000000,3418201.000000,3425862.0739,
4,9000,1,0.500687,0.031352,242.000000,3265816.000000,3273350.00038,
5,9000,1,5.848708,0.170446,243.000000,4748061.000000,4754781.96144,
6,9000,1,2.395639,0.156229,239.000000,3450988.000000,3458805.08423,
7,9000,1,0.011307,0.010052,129.000000,1839215.000000,1846619.84444,
8,9000,1,0.897447,0.094913,242.000000,2761823.000000,2769319.05746,
9,9000,1,1.521501,0.075365,250.000000,4700255.000000,4708016.87241,
10,9000,1,0.176377,0.033382,250.000000,2747050.000000,2754918.81371,
11,9000,1,4.982032,0.224437,247.000000,6119228.000000,6126892.8051,
12,9000,1,0.136778,0.007099,245.000000,3472410.000000,3479985.95238,
13,9000,1,24.646152,0.400930,127.000000,3120502.000000,3127500.05722,
1,9000,2,42.425440,2.265092,324.000000,27472.000000,35070.8961487,
2,9000,2,0.100254,0.018484,305.000000,1269167.000000,1276877.8801,
3,9000,2,0.216546,0.030423,164.000000,1707477.000000,1714380.97954,
4,9000,2,0.505981,0.031515,333.000000,1664640.000000,1672007.08389,
5,9000,2,5.754818,0.167194,166.000000,2406354.000000,2413512.94518,
6,9000,2,2.523582,0.161968,162.000000,1793323.000000,1800104.14124,
7,9000,2,0.010322,0.010088,325.000000,926702.000000,934173.107147,
8,9000,2,0.872506,0.094336,302.000000,1402454.000000,1410124.06349,
9,9000,2,1.527997,0.074429,225.000000,2404437.000000,2411983.96683,
10,9000,2,0.205276,0.036457,308.000000,1432047.000000,1439762.11548,
11,9000,2,4.929475,0.221348,163.000000,3101773.000000,3109131.09779,
12,9000,2,0.141556,0.007202,308.000000,1777477.000000,1785165.07149,
13,9000,2,24.917357,0.410093,317.000000,1589441.000000,1597136.02066,
1,9000,4,42.215370,2.214331,513.000000,27450.000000,35176.0387421,
2,9000,4,0.115052,0.020151,486.000000,669198.000000,677115.917206,
3,9000,4,0.228466,0.031678,514.000000,887386.000000,894981.861115,
4,9000,4,0.492515,0.030937,411.000000,851538.000000,858469.009399,
5,9000,4,5.921693,0.169981,518.000000,1210632.000000,1218580.96123,
6,9000,4,2.434816,0.156650,637.000000,915026.000000,923771.858215,
7,9000,4,0.013152,0.011658,476.000000,477004.000000,484827.9953,
8,9000,4,0.916529,0.097905,476.000000,697889.000000,705821.037292,
9,9000,4,1.582316,0.076934,316.000000,1213314.000000,1220175.98152,
10,9000,4,0.174359,0.033584,689.000000,704976.000000,712671.041489,
11,9000,4,5.000802,0.228010,515.000000,1555674.000000,1563449.85962,
12,9000,4,0.132222,0.006998,451.000000,901915.000000,909818.172455,
13,9000,4,24.969095,0.403628,474.000000,804669.000000,812633.037567,
1,9000,8,42.008866,2.332828,957.000000,64491.000000,72715.0440216,
2,9000,8,0.107810,0.019785,824.000000,350549.000000,358319.997787,
3,9000,8,0.248396,0.033265,2252.000000,467718.000000,476988.077164,
4,9000,8,0.469391,0.030409,808.000000,458250.000000,466359.138489,
5,9000,8,5.831695,0.169012,558.000000,766203.000000,772989.034653,
6,9000,8,2.460281,0.158926,821.000000,469096.000000,477375.030518,
7,9000,8,0.017554,0.012317,808.000000,255792.000000,264464.855194,
8,9000,8,0.974735,0.099840,453.000000,385197.000000,391933.202744,
9,9000,8,1.595572,0.076936,773.000000,617653.000000,625633.001328,
10,9000,8,0.248574,0.041477,592.000000,436897.000000,444585.084915,
11,9000,8,4.910830,0.223407,857.000000,832721.000000,840857.982635,
12,9000,8,0.129111,0.006928,787.000000,487357.000000,495484.113693,
13,9000,8,24.689636,0.397091,801.000000,421912.000000,430006.980896,
1,9000,16,42.588574,2.409079,3669.000000,118596.000000,129501.104355,
2,9000,16,0.112157,0.020053,1553.000000,224853.000000,233783.006668,
3,9000,16,0.245057,0.033592,1492.000000,296230.000000,305402.040482,
4,9000,16,0.492621,0.031087,1581.000000,279448.000000,288258.075714,
5,9000,16,5.858776,0.169556,1459.000000,391106.000000,399933.099747,
6,9000,16,2.394431,0.156790,1163.000000,302248.000000,309885.978699,
7,9000,16,0.014093,0.011575,1563.000000,164103.000000,173020.839691,
8,9000,16,0.926591,0.099639,1641.000000,235233.000000,244170.188904,
9,9000,16,1.565195,0.076906,1260.000000,392117.000000,400171.041489,
10,9000,16,0.193379,0.034786,1788.000000,245847.000000,254898.786545,
11,9000,16,4.915659,0.221050,1410.000000,513015.000000,521132.946014,
12,9000,16,0.135111,0.007063,1733.000000,299836.000000,309252.023697,
13,9000,16,24.807978,0.400509,1325.000000,260096.000000,268580.913544,
1,9000,32,43.437791,2.551921,23736.000000,259810.000000,289661.884308,
2,9000,32,0.103888,0.019035,6389.000000,266612.000000,280375.003815,
3,9000,32,0.241015,0.031405,5502.000000,279643.000000,292571.06781,
4,9000,32,0.503185,0.031705,8365.000000,277080.000000,292345.046997,
5,9000,32,5.837942,0.169271,4329.000000,292473.000000,304082.155228,
6,9000,32,2.413461,0.157315,4581.000000,273862.000000,285738.945007,
7,9000,32,0.018759,0.013451,12776.000000,274163.000000,294337.034225,
8,9000,32,0.881982,0.094734,6839.000000,275914.000000,291043.996811,
9,9000,32,1.468417,0.072923,4324.000000,277549.000000,289165.019989,
10,9000,32,0.192060,0.035634,6928.000000,270252.000000,284518.957138,
11,9000,32,4.992496,0.224573,3930.000000,317957.000000,329687.11853,
12,9000,32,0.134111,0.007040,5275.000000,276435.000000,288791.894913,
13,9000,32,24.851667,0.409541,4903.000000,239695.000000,251291.036606,
1,9000,64,45.887747,2.698229,125895.000000,222285.000000,353113.174438,
2,9000,64,0.122326,0.021002,176217.000000,276531.000000,459056.138992,
3,9000,64,0.247749,0.033167,121294.000000,372331.000000,500963.926315,
4,9000,64,0.489102,0.031240,126962.000000,358256.000000,492441.892624,
5,9000,64,5.715298,0.167929,68202.000000,442238.000000,517555.952072,
6,9000,64,2.295907,0.151415,154531.000000,283628.000000,445286.035538,
7,9000,64,0.004189,0.005903,154329.000000,294558.000000,455535.888672,
8,9000,64,0.882005,0.095409,177693.000000,257622.000000,442737.102509,
9,9000,64,1.580857,0.076565,51644.000000,436537.000000,495539.903641,
10,9000,64,0.175850,0.032415,148396.000000,315652.000000,470385.074615,
11,9000,64,5.077761,0.225979,11284.000000,493068.000000,511699.914932,
12,9000,64,0.127889,0.006900,147836.000000,283244.000000,439743.995667,
13,9000,64,25.198949,0.415183,145906.000000,274087.000000,427484.035492,
1,9000,128,41.685148,2.083240,286692.000000,34954.000000,330443.8591,
2,9000,128,0.107971,0.019987,315239.000000,58916.000000,380610.942841,
3,9000,128,0.264075,0.034429,341503.000000,62856.000000,411072.969437,
4,9000,128,0.468798,0.030137,331883.000000,58556.000000,397985.935211,
5,9000,128,5.793518,0.168136,312066.000000,110586.000000,430678.129196,
6,9000,128,2.501633,0.161035,338584.000000,95474.000000,441080.093384,
7,9000,128,0.016035,0.011381,282939.000000,47687.000000,338026.046753,
8,9000,128,0.869400,0.093133,319428.000000,55790.000000,382792.949677,
9,9000,128,1.558709,0.075899,358492.000000,111720.000000,477767.944336,
10,9000,128,0.189639,0.034858,293190.000000,60546.000000,361021.995544,
11,9000,128,4.964767,0.222763,334091.000000,127922.000000,468963.861465,
12,9000,128,0.134222,0.007043,324813.000000,67623.000000,399936.199188,
13,9000,128,25.093013,0.412895,314598.000000,66222.000000,388316.15448,
1,10000,1,41.837131,2.172854,258.000000,40104.000000,47346.830368,
2,10000,1,0.112369,0.019196,244.000000,2812117.000000,2819786.78703,
3,10000,1,0.220763,0.029650,249.000000,3716543.000000,3723875.99945,
4,10000,1,0.500667,0.029666,239.000000,3660686.000000,3668318.03322,
5,10000,1,5.821416,0.159586,158.000000,5273764.000000,5280802.01149,
6,10000,1,2.520854,0.150109,260.000000,3897342.000000,3905075.07324,
7,10000,1,0.014693,0.009393,274.000000,2021709.000000,2029592.0372,
8,10000,1,0.850126,0.086712,260.000000,3021799.000000,3029479.02679,
9,10000,1,1.638298,0.073296,241.000000,5261971.000000,5269582.98683,
10,10000,1,0.157498,0.029265,123.000000,3030995.000000,3038407.08733,
11,10000,1,4.998677,0.213978,268.000000,6799234.000000,6806463.95683,
12,10000,1,0.131500,0.006624,124.000000,3875630.000000,3882739.06708,
13,10000,1,24.990486,0.384755,153.000000,3470039.000000,3477221.96579,
1,10000,2,43.348951,2.275085,300.000000,29880.000000,37623.8822937,
2,10000,2,0.089649,0.016501,348.000000,1437885.000000,1445580.00565,
3,10000,2,0.246147,0.031480,199.000000,1902623.000000,1909880.87654,
4,10000,2,0.472895,0.028786,325.000000,1842985.000000,1850680.11284,
5,10000,2,5.778938,0.159244,298.000000,2649260.000000,2657006.97899,
6,10000,2,2.426521,0.148415,156.000000,1985475.000000,1992682.93381,
7,10000,2,0.013397,0.010351,315.000000,1032661.000000,1040212.86964,
8,10000,2,0.809127,0.084714,159.000000,1539520.000000,1546868.08586,
9,10000,2,1.594445,0.072273,295.000000,2692664.000000,2700327.15797,
10,10000,2,0.188806,0.032634,297.000000,1541300.000000,1549032.92656,
11,10000,2,4.760304,0.205926,157.000000,3438511.000000,3445077.18086,
12,10000,2,0.130500,0.006602,219.000000,1984198.000000,1991527.08054,
13,10000,2,25.055167,0.389947,341.000000,1764133.000000,1771792.88864,
1,10000,4,41.256500,2.307009,620.000000,41169.000000,49278.0208588,
2,10000,4,0.100636,0.018137,1769.000000,717523.000000,726429.93927,
3,10000,4,0.232002,0.030402,334.000000,973460.000000,980545.043945,
4,10000,4,0.470008,0.028712,308.000000,938468.000000,946494.817734,
5,10000,4,5.797332,0.159828,452.000000,1350814.000000,1358660.93636,
6,10000,4,2.452056,0.151015,1785.000000,1007069.000000,1017279.1481,
7,10000,4,0.014765,0.010571,297.000000,528825.000000,536189.79454,
8,10000,4,0.808030,0.085571,527.000000,793431.000000,801425.933838,
9,10000,4,1.566441,0.072457,604.000000,1335530.000000,1343743.08586,
10,10000,4,0.178109,0.030887,565.000000,785051.000000,793051.958084,
11,10000,4,4.888510,0.212032,499.000000,1731009.000000,1739007.94983,
12,10000,4,0.137300,0.006746,342.000000,1014930.000000,1022727.96631,
13,10000,4,24.903664,0.388062,496.000000,891489.000000,899327.039719,
1,10000,8,44.299093,3.274785,584.000000,60175.000000,67578.0773163,
2,10000,8,0.125084,0.020083,782.000000,453265.000000,461428.165436,
3,10000,8,0.218832,0.028493,538.000000,589075.000000,596935.987473,
4,10000,8,0.474133,0.028836,505.000000,510087.000000,516925.096512,
5,10000,8,5.912090,0.160294,436.000000,849056.000000,856698.036194,
6,10000,8,2.406597,0.148205,841.000000,597095.000000,605433.940887,
7,10000,8,0.008525,0.008387,990.000000,328683.000000,336863.040924,
8,10000,8,0.800905,0.083814,495.000000,475506.000000,482890.129089,
9,10000,8,1.629825,0.072955,786.000000,825640.000000,833246.946335,
10,10000,8,0.213197,0.036091,929.000000,485503.000000,493882.894516,
11,10000,8,5.017319,0.214109,964.000000,1055703.000000,1063796.99707,
12,10000,8,0.139500,0.006791,993.000000,548735.000000,557074.069977,
13,10000,8,24.453263,0.380440,841.000000,542183.000000,550040.006638,
1,10000,16,42.609032,2.249309,3153.000000,114742.000000,125136.852264,
2,10000,16,0.095851,0.017260,1438.000000,247975.000000,256611.10878,
3,10000,16,0.229847,0.030632,1571.000000,322041.000000,332250.833511,
4,10000,16,0.492731,0.029660,1136.000000,319694.000000,327829.122543,
5,10000,16,5.875217,0.159768,1526.000000,445044.000000,453939.199448,
6,10000,16,2.262260,0.144292,1553.000000,331664.000000,340581.893921,
7,10000,16,0.014170,0.010785,1581.000000,179126.000000,187763.929367,
8,10000,16,0.885945,0.092416,1320.000000,263701.000000,272249.937057,
9,10000,16,1.586062,0.072460,1514.000000,438775.000000,447671.890259,
10,10000,16,0.183339,0.031667,1366.000000,267976.000000,276161.909103,
11,10000,16,4.901342,0.214268,1496.000000,557922.000000,566730.976105,
12,10000,16,0.138900,0.006779,1573.000000,335083.000000,343726.873398,
13,10000,16,24.644367,0.376603,1007.000000,299851.000000,307182.073593,
1,10000,32,41.179807,2.089001,21032.000000,225043.000000,253848.075867,
2,10000,32,0.110283,0.018955,6226.000000,265282.000000,278913.021088,
3,10000,32,0.227447,0.029730,3490.000000,259417.000000,270242.929459,
4,10000,32,0.506700,0.029875,4548.000000,242840.000000,254811.048508,
5,10000,32,5.675088,0.157988,3095.000000,280908.000000,290242.195129,
6,10000,32,2.204300,0.142246,3867.000000,274950.000000,286334.991455,
7,10000,32,0.012904,0.010068,7726.000000,241599.000000,256580.82962,
8,10000,32,0.915292,0.092478,4103.000000,242034.000000,254116.05835,
9,10000,32,1.560971,0.071289,3542.000000,283649.000000,294668.912888,
10,10000,32,0.186884,0.032782,2905.000000,252825.000000,263026.952744,
11,10000,32,4.889566,0.212381,2770.000000,351277.000000,360218.048096,
12,10000,32,0.129100,0.006572,4076.000000,238455.000000,249962.091446,
13,10000,32,24.949167,0.387089,4861.000000,238574.000000,250514.030457,
1,10000,64,41.113432,2.471321,156589.000000,185933.000000,349642.99202,
2,10000,64,0.108745,0.019296,131675.000000,445855.000000,584454.059601,
3,10000,64,0.224311,0.029182,127972.000000,456011.000000,591554.880142,
4,10000,64,0.462075,0.028701,118902.000000,452485.000000,578480.958939,
5,10000,64,5.841326,0.160873,93445.000000,508167.000000,608994.960785,
6,10000,64,2.345121,0.145918,121791.000000,470642.000000,599920.034409,
7,10000,64,0.010585,0.009159,144366.000000,409128.000000,560930.013657,
8,10000,64,0.757581,0.083344,121967.000000,441575.000000,570458.889008,
9,10000,64,1.520642,0.071051,97277.000000,497224.000000,601490.020752,
10,10000,64,0.171321,0.031693,125619.000000,407834.000000,540524.00589,
11,10000,64,5.027085,0.208525,99678.000000,453371.000000,561559.915543,
12,10000,64,0.137400,0.006748,132350.000000,357372.000000,497097.015381,
13,10000,64,24.630631,0.379786,165943.000000,306664.000000,479816.198349,
1,10000,128,42.650865,2.133500,314807.000000,45885.000000,367980.003357,
2,10000,128,0.119766,0.020147,349998.000000,61499.000000,418738.126755,
3,10000,128,0.232923,0.030375,372647.000000,98925.000000,478254.079819,
4,10000,128,0.497602,0.029919,356232.000000,91736.000000,455193.042755,
5,10000,128,5.835069,0.161665,404700.000000,99446.000000,510580.062866,
6,10000,128,2.538251,0.154731,350708.000000,96987.000000,455102.205276,
7,10000,128,0.006376,0.006016,332650.000000,57959.000000,397705.078125,
8,10000,128,0.867285,0.089562,342243.000000,71786.000000,421478.033066,
9,10000,128,1.558236,0.071901,392593.000000,104348.000000,504043.102264,
10,10000,128,0.174343,0.031295,337485.000000,72183.000000,417087.79335,
11,10000,128,4.788158,0.208564,426355.000000,125946.000000,558720.111847,
12,10000,128,0.134900,0.006696,366772.000000,100348.000000,475754.022598,
13,10000,128,24.886416,0.383132,358855.000000,56317.000000,421596.050262,
